Alunos Ciclo 4;Mentores;Última Reunião;Frequência de Reuniões;Status;Avaliação;Comentários
Adriana Coelho Barbosa ;Ana Carolina Marinho;01/06/2026;1 vez ao mês;Ativo;Excelente;Estou muito satisfeita com a minha mentora. Ela é muito atenciosa, interessada e demonstra estar realmente preocupada com o meu desenvolvimento. Além das reuniões mensais, ela me procura com frequência para saber como estou e acompanhar minha evolução. Até o momento, não tenho nenhuma reclamação, pelo contrário, só tenho a agradecer pelo acompanhamento e pela disponibilidade dela.
Artur Medeiros Fernandes ;Marcos Paulo Nunes;01/08/2026;Diaramente;Ativo;Ótimo;
Caio Carvalho Fajardo De Oliveira ;Inácio Arantes;01/07/2026;1 vez ao mês;Ativo;Bom;Ele se dispõe a ajudar em tudo que é necessário, dá dicas e sempre tenta passar uma visão do mercado, acho que ele faz o papel dele muito bem.
Camile Vitória Alves Borges ;Charles Campos;01/07/2026;1 vez a cada 2 meses;Ativo;Ótimo;
Emerson Bayonetta Teodoro Da Silva ;Carlos Eduardo Facadio;01/01/2026;1 vez ao mês;Ausente;Bom;Excelente mentor. Só deveríamos reunir mais vezes.
Gabriela Valério De Barros ;Ana Cristina Barbosa;01/04/2026;Irregular;Ausente;Bom;Só fizemos 3 reuniões: 1° em 02/10/25, 2° em 18/12/25 e a 3° em 14/04/26. * ⁠É uma boa mentora, só nao nos reunimos muito
Guilherme De Castro Krepke ;Carlos Eduardo Facadio;01/06/2026;Irregular;Ausente;Ótimo;"A última reunião foi a uns a 1 mês e pouco ou 2, mas antes disso tinha sido lá no início do ano.

Por ele estar em projeto, não estamos tão frequentes. Por eu ser estagiário, de vez enquando estamos trocando uns oi no teams.

Muito top, cara excepcional, mas eu fiquei chateado com ele um dia por ter acreditado em alguém do meu time e aí invés de me perguntar o que tinha acontecido, ele já veio me chamando atenção.
Fora isso é super atencioso e super legal, e inteligente."
Gustavo Duarte Mendonça ;Andre Neiva Baião;01/06/2026;Irregular;Ausente;Bom;Ele só deixa a desejar em questão das reuniões que quase não acontecem, mas fora isso não tenho nada a reclamar, é um cara maneiro que sempre está disposto a ajudar.
Gustavo Rodrigues Barcelos ;Igor Porciuncula;01/07/2026;N/a;Órfão;Excelente;"Ele foi desligado recentemente da energisa, mas eu conversava com ele frequentemente.
Igor é um cara incrível, excelente mentor. Muito inteligente e também era um excelente líder pra sua antiga equipe"
Heitor Gonçalves Pereira ;Andre Neiva Baião;01/06/2026;Irregular;Ausente;Ótimo;⁠Infelizmente nos reunimos pouco, mas ele ja mencinou que vai procurar melhorar isso Avalio bem, é muito gente boa, apesar dos poucos encontros, sempre se dispos a tirar duvidas e dar apoio pelo whatsapp
Helena Albano Moreto Lopes ;Ana Carolina Marinho;01/07/2026;1 vez ao mês;Ativo;Excelente;"Minha mentora é a Ana Carolina Marinho. Se não me engano, nossa última reunião aconteceu há aproximadamente um mês, e normalmente realizamos encontros mensalmente.

Além das reuniões, ela mantém contato comigo com frequência, enviando mensagens, conteúdos e indicações de materiais que considera interessantes para o meu desenvolvimento.

Até o momento, minha avaliação da Ana como mentora é excelente. Ela é uma profissional muito atenciosa, dedicada e sempre disposta a orientar e ajudar. Durante nossos encontros, costuma compartilhar diversas dicas, perguntar se tenho alguma dúvida e reforçar que posso entrar em contato com ela sempre que precisar. Ela também acompanha de perto como estão as coisas na empresa e demonstra interesse genuíno pelo meu desenvolvimento profissional.

Um ponto que considero muito positivo foi a oportunidade de conhecer o SOC onde ela trabalha. Ela me levou para conhecer o ambiente e explicou um pouco mais sobre sua atuação e sobre uma área que também é do meu interesse. Essa experiência foi muito importante para que eu pudesse conhecer melhor a realidade profissional da área.

De forma geral, considero a Ana uma mentora maravilhosa, muito presente e comprometida em apoiar meu desenvolvimento. Sou muito grata por toda a orientação, atenção e pelas oportunidades que ela tem proporcionado ao longo da mentoria."
Hugo Lagrimante Teixeira ;Anderson Luiz Nogueira;01/08/2026;1 vez ao mês;Ativo;Excelente;Avalio com excelência e destaque, além de me orientar sobre o curso, ainda me auxilia na vida pessoal. Me dá dicas e oportunidades que parecem que um pai está guiando a vida do filho, me indica caminhos e coisas certas a se fazer, praticamente me sinto adotado por ele e por todo o conhecimento que ele repassa de bom grado. Qual a nota máxima que eu posso dar pra ele ? Se possível colocar 1 ponto a mais da nota máxima pra ele eu agradeceria.
Jéssica Silva Siervi ;Mariane Fritz;01/08/2026;Diaramente;Ativo;Ótimo;Ótima, ela é MUITO presente na mentoria, tem me dado todo apoio desde o início. Trabalhamos no mesmo setor e ela está me treinando, então no mínimo 1x na semana nos reunimos para conversar sobre a mentoria e etc.
João Henrique De Souza Oliveira Reis ;Igor Porciuncula;01/05/2026;N/a;Órfão;Bom;Eu particularmente gostei dele, achei muito bom. Tínhamos poucas reuniões pq ele cuidava de várias equipes, se n me engano 2 ou 3. Mas eu gostei
João Pedro Luciano Da Silva ;Gabriel Pavão;01/01/2026;Irregular;Ausente;Bom;Reunimos apenas uma vez de forma oficial, de resto foram encontros inesperados em eventos ou coisa do tipo. Nota dele tá 8, gente boa. Eu também não estou tendo muito tempo para reunir assim
Kely Cristina Andre Da Costa ;Lorena Soares;01/07/2026;1 vez ao mês;Ativo;Ótimo;Ela é ótima! É uma pessoa muito gente boa, atenciosa. Sempre está disposta a me ajudar, tirar minhas dúvidas e me orientar quando preciso. Além de todo o conhecimento e experiência que ela compartilha comigo, ela também me dá muito apoio e incentivo.
Letícia Fonseca De Brito ;Lorena Soares;01/07/2026;1 vez ao mês;Ativo;Ótimo;Uma pessoa muito profissional, com bastante vontade de ajudar. É inspiradora e cheia de idéias para o futuro. Sempre me orienta muito bem e me ouve com muita compreensão.
Marcos Paulo Cristino Martins ;Marcos Paulo Nunes;01/04/2026;Irregular;Ausente;Bom;Numa escala de 0 a 10 eu diria que nossa reunião ficam em 3. Ele é fora da curva, gosto muito dele !!!! A justificativa da nota elaborada para meu mentor, se define pelo fato das baixas frequências em que a gente se reúne. Fora isso, a pessoa dele em si, é incrível!. Falo de postura profissional, ensinamentos, etc.
Matheus Afonso Batista ;Charles Campos;01/07/2026;1 vez ao mês;Ativo;Excelente;Nota 10, Muito bom!
Matheus Sá De Araujo Miranda ;Edson Mont Mor;01/09/2025;Irregular;Ausente*;Ótimo;Muito bom, apesar de não termos tido encontros devido a troca de mentor e a problemas de saúde dele. Ele sempre me deu satisfação do porque não havia os encontros. No primeiro contato com ele, ele fez questão de ir presencialmente apenas para me conhecer.
Mhell Barroca Novaes ;Rafaela Franzone;01/06/2026;1 vez ao mês;Ativo;Bom;⁠É uma pessoa que incentiva muito, gosto bastante!
Nathan Miranda Machado ;Kennedy Silva;01/05/2026;N/a;Órfão;Ótimo;Então, por enquanto, tô sem mentor. Faz um bastante tempo a nossa última reunião. A gente se reunia quase toda semana, sempre mantivemos o contanto, ele era super gente boa, ajudou dms
Nicoly Rodrigues De Sousa ;Ana Carolina Rezende;01/08/2026;1 vez ao mês;Ativo;Excelente;Nota 100000000🚀
Onofre Augusto Da Silva Belisário ;Ana Cristina Barbosa;01/04/2026;Irregular;Ausente;Ótimo;Antes era regularmente mas dessa última vez estou a uns meses sem. Apesar desses últimos meses não haver reuniões, ela é muito atenciosa e tenta ajudar e ensinar proativamente.
Phillipe Henry De Paiva Faria ;Victor Ferreira;01/08/2026;1 vez ao mês;Ativo;Ótimo;Ótimo mentor, sempre buscando estar presente, marcando os encontros mensalmente e dando todo apoio sobre a área, buscando entender nosso andamento e aconselhando a prosseguir como pessoa e profissional.
Renan Felliphe De Moura Diogo Silva ;Victor Ferreira;01/08/2026;1 vez ao mês;Ativo;Excelente;O Victor é excelente. Não tenho nada a reclamar, apenas a elogiar. Sempre foi muito presente e me ajudou em decisões importantes durante o ciclo. Inclusive, foi uma opinião importante que me ajudou a considerar ficar no RPV ao invés de ir para a Faculdade nesse ano. O Victor sempre compartilha suas experiências e opiniões com a gente e isso é muito importante para alguém que está iniciando a carreira. Nós também já fizemos algumas reuniões em conjunto, onde ele colocou os dois mentorados para trabalharem juntos e darem feedbacks um ao outro, tendo em vista que já nos conhecíamos. Ele está sempre tentando trazer coisas novas e nos fazer se destacar na empresa, seja nos dando oportunidades de conversar com pessoas importantes ou orientando a gente a conseguir as oportunidades por conta própria.
Sofia Vitória Melo Alves ;Ana Carolina Rezende;01/08/2026;1 vez ao mês;Ativo;Ótimo;Tivemos a ultima reunião dia 4 desse mês, nos reunimos 1 vez no mes, e ela é muito boa e educada
Távine De Andrade Onofre ;Inácio Arantes;01/07/2026;1 vez ao mês;Ativo;Ótimo;Ele é super participativo, ajuda a qualquer momento, muito bom mentor.
Victor Cássio Carvalho Da Silva ;Fabio Franco;01/11/2025;N/a;Órfão;Péssimo;A minha última reunião, foi minha primeira. Só tive uma reunião com ele no começo do curso. Nunca nos reunimos.
Vitor José Fernandes Amorim ;Edson Mont Mor;01/05/2026;1 vez ao mês;Ausente*;Ótimo; Ultimamente não estamos reunindo, ele estava afastado por motivo de saúde. Apesar do acontecimento de afastamento por cuidado de saúde, avalio ele como um ótimo mentor e influenciador profissional.
Weislla Fernanda Da Cruz Tomazeto;Fabio Franco;01/05/2026;N/a;Órfão;Ruim;Só tive 2 reuniões com ele, sendo uma presencial pra conhecer o soc
